Workbook

Sheet Instruções
B2: Cadastro de equipamentos — RioMar Recife
B3: Plataforma de Manutenção Entre Amigos · modelo para importação · versão 23/10/2026
B5: Objetivo | C5: Cadastrar todos os equipamentos e itens da loja. Cada linha vira um equipamento no sistema, com suas preventivas criadas automaticamente pelo Tipo.
B6: Onde preencher | C6: Aba Equipamentos, a partir da linha 6. As linhas 4 e 5 são exemplos: pode apagar ou sobrescrever.
B7: Obrigatórios | C7: Área, Setor, Equipamento, Tipo e Categoria (cabeçalho laranja). Sem eles a linha não é importada.
B8: Categoria | C8: Define onde o item aparece no chamado: ao escolher Móveis, o líder só vê móveis. A aba Tipos sugere a categoria de cada tipo; a lista fica na aba Categorias.
B9: Opcionais | C9: Fabricante, Modelo, Nº de série, faixas e observações (cabeçalho azul). Nº de série NÃO é obrigatório.
B10: Uma linha por item | C10: 3 balcões iguais = 3 linhas, com nomes diferentes: Balcão refrigerado 01, 02 e 03.
B11: Tipo | C11: Escolha na lista. Ele define as preventivas do equipamento (veja a aba Tipos). Itens sem preventiva (cadeira, aparador, tela do KDS) usam Mobiliário, TI e KDS, Predial e estrutura ou Outro equipamento: servem para abrir chamados.
B12: Sistemas da loja | C12: Rede de gás, detecção de gás, alarme, gerador, brigada e similares: cadastre 1 linha por loja (Área Técnica, por exemplo).
B13: Faixas | C13: Preencha só quando a coluna Faixas necessárias pedir. Use o valor do fabricante; para temperatura, o combinado com a nutrição.
B14: Áreas e setores | C14: Ajuste a lista na aba Áreas e setores antes de começar. As colunas Área e Setor usam essa lista.
B15: Conferência | C15: A coluna Conferência mostra OK ou o que falta. Envie a planilha só quando todas as linhas estiverem OK.
B17: Legenda
B18: Cabeçalho laranja = obrigatório
B19: Cabeçalho azul = opcional
B20: Fundo creme = célula para preencher
B21: Fundo cinza = calculado, não editar

Sheet Equipamentos
A1: Equipamentos — RioMar Recife
A2: Preencha a partir da linha 6. Linhas 4 e 5 são exemplos. Laranja = obrigatório; azul = opcional; cinza = calculado.
A3: Unidade | B3: Área | C3: Setor | D3: Equipamento | E3: Tipo | F3: Categoria | G3: Fabricante | H3: Modelo | I3: Nº de série | J3: Tensão (V) | K3: Corrente nominal (A) | L3: Temp. mínima (°C) | M3: Temp. máxima (°C) | N3: Observações | O3: Preventivas que serão criadas | P3: Faixas necessárias | Q3: Conferência | R3: Família
A4: RioMar Recife | B4: Cozinha | C4: Sobremesa | D4: Micro-ondas | E4: Outro equipamento | F4: Equipamentos de cozinha | J4: 220 | N4: Exemplo: item só para chamados | O4: =IF($E4="","",IFERROR(INDEX(Tipos!$C$5:$C$51,MATCH($E4,Tipos!$A$5:$A$51,0)),"Tipo não encontrado")) | P4: =IF($E4="","",IFERROR(INDEX(Tipos!$D$5:$D$51,MATCH($E4,Tipos!$A$5:$A$51,0)),"")) | Q4: =IF(COUNTA($B4:$F4)=0,"",IF($B4="","Falta Área",IF($C4="","Falta Setor",IF($D4="","Falta Equipamento",IF($E4="","Falta Tipo",IF($F4="","Falta Categoria",IF(COUNTIF($D$4:$D$303,$D4)>1,"Nome repetido: diferencie (01, 02…)",IF(AND(ISNUMBER(SEARCH("Temperatura",$P4)),OR($L4="",$M4="")),"Falta faixa de temperatura",IF(AND(ISNUMBER($L4),ISNUMBER($M4),$L4>$M4),"Temp. mínima maior que a máxima","OK"))))))))) | R4: =IF($E4="","",IFERROR(INDEX(Tipos!$B$5:$B$51,MATCH($E4,Tipos!$A$5:$A$51,0)),""))
A5: RioMar Recife | B5: Salão | C5: Salão frente do bar | D5: Aparador | E5: Mobiliário | F5: Móveis | N5: Exemplo: item só para chamados | O5: =IF($E5="","",IFERROR(INDEX(Tipos!$C$5:$C$51,MATCH($E5,Tipos!$A$5:$A$51,0)),"Tipo não encontrado")) | P5: =IF($E5="","",IFERROR(INDEX(Tipos!$D$5:$D$51,MATCH($E5,Tipos!$A$5:$A$51,0)),"")) | Q5: =IF(COUNTA($B5:$F5)=0,"",IF($B5="","Falta Área",IF($C5="","Falta Setor",IF($D5="","Falta Equipamento",IF($E5="","Falta Tipo",IF($F5="","Falta Categoria",IF(COUNTIF($D$4:$D$303,$D5)>1,"Nome repetido: diferencie (01, 02…)",IF(AND(ISNUMBER(SEARCH("Temperatura",$P5)),OR($L5="",$M5="")),"Falta faixa de temperatura",IF(AND(ISNUMBER($L5),ISNUMBER($M5),$L5>$M5),"Temp. mínima maior que a máxima","OK"))))))))) | R5: =IF($E5="","",IFERROR(INDEX(Tipos!$B$5:$B$51,MATCH($E5,Tipos!$A$5:$A$51,0)),""))
A6: RioMar Recife | B6: Cozinha | C6: Cozinha quente | D6: Fritadeira a gás 01 | E6: Fritadeira a gás | F6: Equipamentos de cozinha | G6: Vulcan | O6: =IF($E6="","",IFERROR(INDEX(Tipos!$C$5:$C$51,MATCH($E6,Tipos!$A$5:$A$51,0)),"Tipo não encontrado")) | P6: =IF($E6="","",IFERROR(INDEX(Tipos!$D$5:$D$51,MATCH($E6,Tipos!$A$5:$A$51,0)),"")) | Q6: =IF(COUNTA($B6:$F6)=0,"",IF($B6="","Falta Área",IF($C6="","Falta Setor",IF($D6="","Falta Equipamento",IF($E6="","Falta Tipo",IF($F6="","Falta Categoria",IF(COUNTIF($D$4:$D$303,$D6)>1,"Nome repetido: diferencie (01, 02…)",IF(AND(ISNUMBER(SEARCH("Temperatura",$P6)),OR($L6="",$M6="")),"Falta faixa de temperatura",IF(AND(ISNUMBER($L6),ISNUMBER($M6),$L6>$M6),"Temp. mínima maior que a máxima","OK"))))))))) | R6: =IF($E6="","",IFERROR(INDEX(Tipos!$B$5:$B$51,MATCH($E6,Tipos!$A$5:$A$51,0)),""))
A7: RioMar Recife | B7: Estoque | C7: Câmaras frias | D7: Câmara de congelados 01 | E7: Câmara frigorífica | F7: Refrigeração | G7: Frigelar | J7: 220 | K7: 12 | L7: -22 | M7: -18 | O7: =IF($E7="","",IFERROR(INDEX(Tipos!$C$5:$C$51,MATCH($E7,Tipos!$A$5:$A$51,0)),"Tipo não encontrado")) | P7: =IF($E7="","",IFERROR(INDEX(Tipos!$D$5:$D$51,MATCH($E7,Tipos!$A$5:$A$51,0)),"")) | Q7: =IF(COUNTA($B7:$F7)=0,"",IF($B7="","Falta Área",IF($C7="","Falta Setor",IF($D7="","Falta Equipamento",IF($E7="","Falta Tipo",IF($F7="","Falta Categoria",IF(COUNTIF($D$4:$D$303,$D7)>1,"Nome repetido: diferencie (01, 02…)",IF(AND(ISNUMBER(SEARCH("Temperatura",$P7)),OR($L7="",$M7="")),"Falta faixa de temperatura",IF(AND(ISNUMBER($L7),ISNUMBER($M7),$L7>$M7),"Temp. mínima maior que a máxima","OK"))))))))) | R7: =IF($E7="","",IFERROR(INDEX(Tipos!$B$5:$B$51,MATCH($E7,Tipos!$A$5:$A$51,0)),""))
A8: RioMar Recife | B8: Cozinha | C8: Cozinha quente | D8: Coifa convencional 01 | E8: Coifa convencional | F8: Exaustão | O8: =IF($E8="","",IFERROR(INDEX(Tipos!$C$5:$C$51,MATCH($E8,Tipos!$A$5:$A$51,0)),"Tipo não encontrado")) | P8: =IF($E8="","",IFERROR(INDEX(Tipos!$D$5:$D$51,MATCH($E8,Tipos!$A$5:$A$51,0)),"")) | Q8: =IF(COUNTA($B8:$F8)=0,"",IF($B8="","Falta Área",IF($C8="","Falta Setor",IF($D8="","Falta Equipamento",IF($E8="","Falta Tipo",IF($F8="","Falta Categoria",IF(COUNTIF($D$4:$D$303,$D8)>1,"Nome repetido: diferencie (01, 02…)",IF(AND(ISNUMBER(SEARCH("Temperatura",$P8)),OR($L8="",$M8="")),"Falta faixa de temperatura",IF(AND(ISNUMBER($L8),ISNUMBER($M8),$L8>$M8),"Temp. mínima maior que a máxima","OK"))))))))) | R8: =IF($E8="","",IFERROR(INDEX(Tipos!$B$5:$B$51,MATCH($E8,Tipos!$A$5:$A$51,0)),""))
A9: RioMar Recife | B9: Cozinha | C9: Sobremesa | D9: Micro-ondas | E9: Outro equipamento | F9: Equipamentos de cozinha | G9: Electrolux | J9: 220 | O9: =IF($E9="","",IFERROR(INDEX(Tipos!$C$5:$C$51,MATCH($E9,Tipos!$A$5:$A$51,0)),"Tipo não encontrado")) | P9: =IF($E9="","",IFERROR(INDEX(Tipos!$D$5:$D$51,MATCH($E9,Tipos!$A$5:$A$51,0)),"")) | Q9: =IF(COUNTA($B9:$F9)=0,"",IF($B9="","Falta Área",IF($C9="","Falta Setor",IF($D9="","Falta Equipamento",IF($E9="","Falta Tipo",IF($F9="","Falta Categoria",IF(COUNTIF($D$4:$D$303,$D9)>1,"Nome repetido: diferencie (01, 02…)",IF(AND(ISNUMBER(SEARCH("Temperatura",$P9)),OR($L9="",$M9="")),"Falta faixa de temperatura",IF(AND(ISNUMBER($L9),ISNUMBER($M9),$L9>$M9),"Temp. mínima maior que a máxima","OK"))))))))) | R9: =IF($E9="","",IFERROR(INDEX(Tipos!$B$5:$B$51,MATCH($E9,Tipos!$A$5:$A$51,0)),""))
A10: RioMar Recife | B10: Salão | C10: Salão frente do bar | D10: Aparador | E10: Mobiliário | F10: Móveis | O10: =IF($E10="","",IFERROR(INDEX(Tipos!$C$5:$C$51,MATCH($E10,Tipos!$A$5:$A$51,0)),"Tipo não encontrado")) | P10: =IF($E10="","",IFERROR(INDEX(Tipos!$D$5:$D$51,MATCH($E10,Tipos!$A$5:$A$51,0)),"")) | Q10: =IF(COUNTA($B10:$F10)=0,"",IF($B10="","Falta Área",IF($C10="","Falta Setor",IF($D10="","Falta Equipamento",IF($E10="","Falta Tipo",IF($F10="","Falta Categoria",IF(COUNTIF($D$4:$D$303,$D10)>1,"Nome repetido: diferencie (01, 02…)",IF(AND(ISNUMBER(SEARCH("Temperatura",$P10)),OR($L10="",$M10="")),"Falta faixa de temperatura",IF(AND(ISNUMBER($L10),ISNUMBER($M10),$L10>$M10),"Temp. mínima maior que a máxima","OK"))))))))) | R10: =IF($E10="","",IFERROR(INDEX(Tipos!$B$5:$B$51,MATCH($E10,Tipos!$A$5:$A$51,0)),""))
A11: RioMar Recife | B11: Cozinha | C11: Cozinha quente | D11: Extintor PQS 01 | E11: Extintor | F11: Segurança | O11: =IF($E11="","",IFERROR(INDEX(Tipos!$C$5:$C$51,MATCH($E11,Tipos!$A$5:$A$51,0)),"Tipo não encontrado")) | P11: =IF($E11="","",IFERROR(INDEX(Tipos!$D$5:$D$51,MATCH($E11,Tipos!$A$5:$A$51,0)),"")) | Q11: =IF(COUNTA($B11:$F11)=0,"",IF($B11="","Falta Área",IF($C11="","Falta Setor",IF($D11="","Falta Equipamento",IF($E11="","Falta Tipo",IF($F11="","Falta Categoria",IF(COUNTIF($D$4:$D$303,$D11)>1,"Nome repetido: diferencie (01, 02…)",IF(AND(ISNUMBER(SEARCH("Temperatura",$P11)),OR($L11="",$M11="")),"Falta faixa de temperatura",IF(AND(ISNUMBER($L11),ISNUMBER($M11),$L11>$M11),"Temp. mínima maior que a máxima","OK"))))))))) | R11: =IF($E11="","",IFERROR(INDEX(Tipos!$B$5:$B$51,MATCH($E11,Tipos!$A$5:$A$51,0)),""))
A12: RioMar Recife | B12: Salão | C12: Salão principal | D12: Ar-condicionado salão 2 | E12: Ar-condicionado split (hi-wall) | F12: Climatização | G12: Springer | J12: 220 | K12: 8 | O12: =IF($E12="","",IFERROR(INDEX(Tipos!$C$5:$C$51,MATCH($E12,Tipos!$A$5:$A$51,0)),"Tipo não encontrado")) | P12: =IF($E12="","",IFERROR(INDEX(Tipos!$D$5:$D$51,MATCH($E12,Tipos!$A$5:$A$51,0)),"")) | Q12: =IF(COUNTA($B12:$F12)=0,"",IF($B12="","Falta Área",IF($C12="","Falta Setor",IF($D12="","Falta Equipamento",IF($E12="","Falta Tipo",IF($F12="","Falta Categoria",IF(COUNTIF($D$4:$D$303,$D12)>1,"Nome repetido: diferencie (01, 02…)",IF(AND(ISNUMBER(SEARCH("Temperatura",$P12)),OR($L12="",$M12="")),"Falta faixa de temperatura",IF(AND(ISNUMBER($L12),ISNUMBER($M12),$L12>$M12),"Temp. mínima maior que a máxima","OK"))))))))) | R12: =IF($E12="","",IFERROR(INDEX(Tipos!$B$5:$B$51,MATCH($E12,Tipos!$A$5:$A$51,0)),""))
A13: RioMar Recife | B13: Área técnica | C13: Casa de máquinas | D13: Detecção de gás | E13: Sistema de detecção de gás | F13: Segurança | O13: =IF($E13="","",IFERROR(INDEX(Tipos!$C$5:$C$51,MATCH($E13,Tipos!$A$5:$A$51,0)),"Tipo não encontrado")) | P13: =IF($E13="","",IFERROR(INDEX(Tipos!$D$5:$D$51,MATCH($E13,Tipos!$A$5:$A$51,0)),"")) | Q13: =IF(COUNTA($B13:$F13)=0,"",IF($B13="","Falta Área",IF($C13="","Falta Setor",IF($D13="","Falta Equipamento",IF($E13="","Falta Tipo",IF($F13="","Falta Categoria",IF(COUNTIF($D$4:$D$303,$D13)>1,"Nome repetido: diferencie (01, 02…)",IF(AND(ISNUMBER(SEARCH("Temperatura",$P13)),OR($L13="",$M13="")),"Falta faixa de temperatura",IF(AND(ISNUMBER($L13),ISNUMBER($M13),$L13>$M13),"Temp. mínima maior que a máxima","OK"))))))))) | R13: =IF($E13="","",IFERROR(INDEX(Tipos!$B$5:$B$51,MATCH($E13,Tipos!$A$5:$A$51,0)),""))
A14: RioMar Recife | B14: Salão | C14: Salão principal | D14: Cadeiras | E14: Mobiliário | F14: Móveis | O14: =IF($E14="","",IFERROR(INDEX(Tipos!$C$5:$C$51,MATCH($E14,Tipos!$A$5:$A$51,0)),"Tipo não encontrado")) | P14: =IF($E14="","",IFERROR(INDEX(Tipos!$D$5:$D$51,MATCH($E14,Tipos!$A$5:$A$51,0)),"")) | Q14: =IF(COUNTA($B14:$F14)=0,"",IF($B14="","Falta Área",IF($C14="","Falta Setor",IF($D14="","Falta Equipamento",IF($E14="","Falta Tipo",IF($F14="","Falta Categoria",IF(COUNTIF($D$4:$D$303,$D14)>1,"Nome repetido: diferencie (01, 02…)",IF(AND(ISNUMBER(SEARCH("Temperatura",$P14)),OR($L14="",$M14="")),"Falta faixa de temperatura",IF(AND(ISNUMBER($L14),ISNUMBER($M14),$L14>$M14),"Temp. mínima maior que a máxima","OK"))))))))) | R14: =IF($E14="","",IFERROR(INDEX(Tipos!$B$5:$B$51,MATCH($E14,Tipos!$A$5:$A$51,0)),""))
A15: RioMar Recife | O15: =IF($E15="","",IFERROR(INDEX(Tipos!$C$5:$C$51,MATCH($E15,Tipos!$A$5:$A$51,0)),"Tipo não encontrado")) | P15: =IF($E15="","",IFERROR(INDEX(Tipos!$D$5:$D$51,MATCH($E15,Tipos!$A$5:$A$51,0)),"")) | Q15: =IF(COUNTA($B15:$F15)=0,"",IF($B15="","Falta Área",IF($C15="","Falta Setor",IF($D15="","Falta Equipamento",IF($E15="","Falta Tipo",IF($F15="","Falta Categoria",IF(COUNTIF($D$4:$D$303,$D15)>1,"Nome repetido: diferencie (01, 02…)",IF(AND(ISNUMBER(SEARCH("Temperatura",$P15)),OR($L15="",$M15="")),"Falta faixa de temperatura",IF(AND(ISNUMBER($L15),ISNUMBER($M15),$L15>$M15),"Temp. mínima maior que a máxima","OK"))))))))) | R15: =IF($E15="","",IFERROR(INDEX(Tipos!$B$5:$B$51,MATCH($E15,Tipos!$A$5:$A$51,0)),""))
A16: RioMar Recife | O16: =IF($E16="","",IFERROR(INDEX(Tipos!$C$5:$C$51,MATCH($E16,Tipos!$A$5:$A$51,0)),"Tipo não encontrado")) | P16: =IF($E16="","",IFERROR(INDEX(Tipos!$D$5:$D$51,MATCH($E16,Tipos!$A$5:$A$51,0)),"")) | Q16: =IF(COUNTA($B16:$F16)=0,"",IF($B16="","Falta Área",IF($C16="","Falta Setor",IF($D16="","Falta Equipamento",IF($E16="","Falta Tipo",IF($F16="","Falta Categoria",IF(COUNTIF($D$4:$D$303,$D16)>1,"Nome repetido: diferencie (01, 02…)",IF(AND(ISNUMBER(SEARCH("Temperatura",$P16)),OR($L16="",$M16="")),"Falta faixa de temperatura",IF(AND(ISNUMBER($L16),ISNUMBER($M16),$L16>$M16),"Temp. mínima maior que a máxima","OK"))))))))) | R16: =IF($E16="","",IFERROR(INDEX(Tipos!$B$5:$B$51,MATCH($E16,Tipos!$A$5:$A$51,0)),""))
A17: RioMar Recife | O17: =IF($E17="","",IFERROR(INDEX(Tipos!$C$5:$C$51,MATCH($E17,Tipos!$A$5:$A$51,0)),"Tipo não encontrado")) | P17: =IF($E17="","",IFERROR(INDEX(Tipos!$D$5:$D$51,MATCH($E17,Tipos!$A$5:$A$51,0)),"")) | Q17: =IF(COUNTA($B17:$F17)=0,"",IF($B17="","Falta Área",IF($C17="","Falta Setor",IF($D17="","Falta Equipamento",IF($E17="","Falta Tipo",IF($F17="","Falta Categoria",IF(COUNTIF($D$4:$D$303,$D17)>1,"Nome repetido: diferencie (01, 02…)",IF(AND(ISNUMBER(SEARCH("Temperatura",$P17)),OR($L17="",$M17="")),"Falta faixa de temperatura",IF(AND(ISNUMBER($L17),ISNUMBER($M17),$L17>$M17),"Temp. mínima maior que a máxima","OK"))))))))) | R17: =IF($E17="","",IFERROR(INDEX(Tipos!$B$5:$B$51,MATCH($E17,Tipos!$A$5:$A$51,0)),""))
A18: RioMar Recife | O18: =IF($E18="","",IFERROR(INDEX(Tipos!$C$5:$C$51,MATCH($E18,Tipos!$A$5:$A$51,0)),"Tipo não encontrado")) | P18: =IF($E18="","",IFERROR(INDEX(Tipos!$D$5:$D$51,MATCH($E18,Tipos!$A$5:$A$51,0)),"")) | Q18: =IF(COUNTA($B18:$F18)=0,"",IF($B18="","Falta Área",IF($C18="","Falta Setor",IF($D18="","Falta Equipamento",IF($E18="","Falta Tipo",IF($F18="","Falta Categoria",IF(COUNTIF($D$4:$D$303,$D18)>1,"Nome repetido: diferencie (01, 02…)",IF(AND(ISNUMBER(SEARCH("Temperatura",$P18)),OR($L18="",$M18="")),"Falta faixa de temperatura",IF(AND(ISNUMBER($L18),ISNUMBER($M18),$L18>$M18),"Temp. mínima maior que a máxima","OK"))))))))) | R18: =IF($E18="","",IFERROR(INDEX(Tipos!$B$5:$B$51,MATCH($E18,Tipos!$A$5:$A$51,0)),""))
A19: RioMar Recife | O19: =IF($E19="","",IFERROR(INDEX(Tipos!$C$5:$C$51,MATCH($E19,Tipos!$A$5:$A$51,0)),"Tipo não encontrado")) | P19: =IF($E19="","",IFERROR(INDEX(Tipos!$D$5:$D$51,MATCH($E19,Tipos!$A$5:$A$51,0)),"")) | Q19: =IF(COUNTA($B19:$F19)=0,"",IF($B19="","Falta Área",IF($C19="","Falta Setor",IF($D19="","Falta Equipamento",IF($E19="","Falta Tipo",IF($F19="","Falta Categoria",IF(COUNTIF($D$4:$D$303,$D19)>1,"Nome repetido: diferencie (01, 02…)",IF(AND(ISNUMBER(SEARCH("Temperatura",$P19)),OR($L19="",$M19="")),"Falta faixa de temperatura",IF(AND(ISNUMBER($L19),ISNUMBER($M19),$L19>$M19),"Temp. mínima maior que a máxima","OK"))))))))) | R19: =IF($E19="","",IFERROR(INDEX(Tipos!$B$5:$B$51,MATCH($E19,Tipos!$A$5:$A$51,0)),""))
A20: RioMar Recife | O20: =IF($E20="","",IFERROR(INDEX(Tipos!$C$5:$C$51,MATCH($E20,Tipos!$A$5:$A$51,0)),"Tipo não encontrado")) | P20: =IF($E20="","",IFERROR(INDEX(Tipos!$D$5:$D$51,MATCH($E20,Tipos!$A$5:$A$51,0)),"")) | Q20: =IF(COUNTA($B20:$F20)=0,"",IF($B20="","Falta Área",IF($C20="","Falta Setor",IF($D20="","Falta Equipamento",IF($E20="","Falta Tipo",IF($F20="","Falta Categoria",IF(COUNTIF($D$4:$D$303,$D20)>1,"Nome repetido: diferencie (01, 02…)",IF(AND(ISNUMBER(SEARCH("Temperatura",$P20)),OR($L20="",$M20="")),"Falta faixa de temperatura",IF(AND(ISNUMBER($L20),ISNUMBER($M20),$L20>$M20),"Temp. mínima maior que a máxima","OK"))))))))) | R20: =IF($E20="","",IFERROR(INDEX(Tipos!$B$5:$B$51,MATCH($E20,Tipos!$A$5:$A$51,0)),""))
A21: RioMar Recife | O21: =IF($E21="","",IFERROR(INDEX(Tipos!$C$5:$C$51,MATCH($E21,Tipos!$A$5:$A$51,0)),"Tipo não encontrado")) | P21: =IF($E21="","",IFERROR(INDEX(Tipos!$D$5:$D$51,MATCH($E21,Tipos!$A$5:$A$51,0)),"")) | Q21: =IF(COUNTA($B21:$F21)=0,"",IF($B21="","Falta Área",IF($C21="","Falta Setor",IF($D21="","Falta Equipamento",IF($E21="","Falta Tipo",IF($F21="","Falta Categoria",IF(COUNTIF($D$4:$D$303,$D21)>1,"Nome repetido: diferencie (01, 02…)",IF(AND(ISNUMBER(SEARCH("Temperatura",$P21)),OR($L21="",$M21="")),"Falta faixa de temperatura",IF(AND(ISNUMBER($L21),ISNUMBER($M21),$L21>$M21),"Temp. mínima maior que a máxima","OK"))))))))) | R21: =IF($E21="","",IFERROR(INDEX(Tipos!$B$5:$B$51,MATCH($E21,Tipos!$A$5:$A$51,0)),""))
A22: RioMar Recife | O22: =IF($E22="","",IFERROR(INDEX(Tipos!$C$5:$C$51,MATCH($E22,Tipos!$A$5:$A$51,0)),"Tipo não encontrado")) | P22: =IF($E22="","",IFERROR(INDEX(Tipos!$D$5:$D$51,MATCH($E22,Tipos!$A$5:$A$51,0)),"")) | Q22: =IF(COUNTA($B22:$F22)=0,"",IF($B22="","Falta Área",IF($C22="","Falta Setor",IF($D22="","Falta Equipamento",IF($E22="","Falta Tipo",IF($F22="","Falta Categoria",IF(COUNTIF($D$4:$D$303,$D22)>1,"Nome repetido: diferencie (01, 02…)",IF(AND(ISNUMBER(SEARCH("Temperatura",$P22)),OR($L22="",$M22="")),"Falta faixa de temperatura",IF(AND(ISNUMBER($L22),ISNUMBER($M22),$L22>$M22),"Temp. mínima maior que a máxima","OK"))))))))) | R22: =IF($E22="","",IFERROR(INDEX(Tipos!$B$5:$B$51,MATCH($E22,Tipos!$A$5:$A$51,0)),""))
A23: RioMar Recife | O23: =IF($E23="","",IFERROR(INDEX(Tipos!$C$5:$C$51,MATCH($E23,Tipos!$A$5:$A$51,0)),"Tipo não encontrado")) | P23: =IF($E23="","",IFERROR(INDEX(Tipos!$D$5:$D$51,MATCH($E23,Tipos!$A$5:$A$51,0)),"")) | Q23: =IF(COUNTA($B23:$F23)=0,"",IF($B23="","Falta Área",IF($C23="","Falta Setor",IF($D23="","Falta Equipamento",IF($E23="","Falta Tipo",IF($F23="","Falta Categoria",IF(COUNTIF($D$4:$D$303,$D23)>1,"Nome repetido: diferencie (01, 02…)",IF(AND(ISNUMBER(SEARCH("Temperatura",$P23)),OR($L23="",$M23="")),"Falta faixa de temperatura",IF(AND(ISNUMBER($L23),ISNUMBER($M23),$L23>$M23),"Temp. mínima maior que a máxima","OK"))))))))) | R23: =IF($E23="","",IFERROR(INDEX(Tipos!$B$5:$B$51,MATCH($E23,Tipos!$A$5:$A$51,0)),""))
A24: RioMar Recife | O24: =IF($E24="","",IFERROR(INDEX(Tipos!$C$5:$C$51,MATCH($E24,Tipos!$A$5:$A$51,0)),"Tipo não encontrado")) | P24: =IF($E24="","",IFERROR(INDEX(Tipos!$D$5:$D$51,MATCH($E24,Tipos!$A$5:$A$51,0)),"")) | Q24: =IF(COUNTA($B24:$F24)=0,"",IF($B24="","Falta Área",IF($C24="","Falta Setor",IF($D24="","Falta Equipamento",IF($E24="","Falta Tipo",IF($F24="","Falta Categoria",IF(COUNTIF($D$4:$D$303,$D24)>1,"Nome repetido: diferencie (01, 02…)",IF(AND(ISNUMBER(SEARCH("Temperatura",$P24)),OR($L24="",$M24="")),"Falta faixa de temperatura",IF(AND(ISNUMBER($L24),ISNUMBER($M24),$L24>$M24),"Temp. mínima maior que a máxima","OK"))))))))) | R24: =IF($E24="","",IFERROR(INDEX(Tipos!$B$5:$B$51,MATCH($E24,Tipos!$A$5:$A$51,0)),""))
A25: RioMar Recife | O25: =IF($E25="","",IFERROR(INDEX(Tipos!$C$5:$C$51,MATCH($E25,Tipos!$A$5:$A$51,0)),"Tipo não encontrado")) | P25: =IF($E25="","",IFERROR(INDEX(Tipos!$D$5:$D$51,MATCH($E25,Tipos!$A$5:$A$51,0)),"")) | Q25: =IF(COUNTA($B25:$F25)=0,"",IF($B25="","Falta Área",IF($C25="","Falta Setor",IF($D25="","Falta Equipamento",IF($E25="","Falta Tipo",IF($F25="","Falta Categoria",IF(COUNTIF($D$4:$D$303,$D25)>1,"Nome repetido: diferencie (01, 02…)",IF(AND(ISNUMBER(SEARCH("Temperatura",$P25)),OR($L25="",$M25="")),"Falta faixa de temperatura",IF(AND(ISNUMBER($L25),ISNUMBER($M25),$L25>$M25),"Temp. mínima maior que a máxima","OK"))))))))) | R25: =IF($E25="","",IFERROR(INDEX(Tipos!$B$5:$B$51,MATCH($E25,Tipos!$A$5:$A$51,0)),""))
A26: RioMar Recife | O26: =IF($E26="","",IFERROR(INDEX(Tipos!$C$5:$C$51,MATCH($E26,Tipos!$A$5:$A$51,0)),"Tipo não encontrado")) | P26: =IF($E26="","",IFERROR(INDEX(Tipos!$D$5:$D$51,MATCH($E26,Tipos!$A$5:$A$51,0)),"")) | Q26: =IF(COUNTA($B26:$F26)=0,"",IF($B26="","Falta Área",IF($C26="","Falta Setor",IF($D26="","Falta Equipamento",IF($E26="","Falta Tipo",IF($F26="","Falta Categoria",IF(COUNTIF($D$4:$D$303,$D26)>1,"Nome repetido: diferencie (01, 02…)",IF(AND(ISNUMBER(SEARCH("Temperatura",$P26)),OR($L26="",$M26="")),"Falta faixa de temperatura",IF(AND(ISNUMBER($L26),ISNUMBER($M26),$L26>$M26),"Temp. mínima maior que a máxima","OK"))))))))) | R26: =IF($E26="","",IFERROR(INDEX(Tipos!$B$5:$B$51,MATCH($E26,Tipos!$A$5:$A$51,0)),""))
... A303: RioMar Recife | O303: =IF($E303="","",IFERROR(INDEX(Tipos!$C$5:$C$51,MATCH($E303,Tipos!$A$5:$A$51,0)),"Tipo não encontrado")) | P303: =IF($E303="","",IFERROR(INDEX(Tipos!$D$5:$D$51,MATCH($E303,Tipos!$A$5:$A$51,0)),"")) | Q303: =IF(COUNTA($B303:$F303)=0,"",IF($B303="","Falta Área",IF($C303="","Falta Setor",IF($D303="","Falta Equipamento",IF($E303="","Falta Tipo",IF($F303="","Falta Categoria",IF(COUNTIF($D$4:$D$303,$D303)>1,"Nome repetido: diferencie (01, 02…)",IF(AND(ISNUMBER(SEARCH("Temperatura",$P303)),OR($L303="",$M303="")),"Falta faixa de temperatura",IF(AND(ISNUMBER($L303),ISNUMBER($M303),$L303>$M303),"Temp. mínima maior que a máxima","OK"))))))))) | R303: =IF($E303="","",IFERROR(INDEX(Tipos!$B$5:$B$51,MATCH($E303,Tipos!$A$5:$A$51,0)),""))

Sheet Resumo
A1: Resumo do cadastro
A4: Linhas preenchidas (sem exemplos) | B4: =COUNTA(Equipamentos!D6:D303)
A5: Linhas OK | B5: =COUNTIF(Equipamentos!Q6:Q303,"OK")
A6: Linhas com pendência | B6: =B4-B5
A7: Itens só para chamados | B7: =COUNTIF(Equipamentos!O6:O303,"Só chamados")
A8: Equipamentos com preventiva | B8: =B5-COUNTIFS(Equipamentos!O6:O303,"Só chamados",Equipamentos!Q6:Q303,"OK")
A10: Por família
A11: Climatização | B11: =COUNTIF(Equipamentos!$R$6:$R$303,"Climatização")
A12: Refrigeração | B12: =COUNTIF(Equipamentos!$R$6:$R$303,"Refrigeração")
A13: Cocção a gás | B13: =COUNTIF(Equipamentos!$R$6:$R$303,"Cocção a gás")
A14: Cocção elétrica e fornos | B14: =COUNTIF(Equipamentos!$R$6:$R$303,"Cocção elétrica e fornos")
A15: Exaustão | B15: =COUNTIF(Equipamentos!$R$6:$R$303,"Exaustão")
A16: Lavagem e gelo | B16: =COUNTIF(Equipamentos!$R$6:$R$303,"Lavagem e gelo")
A17: Incêndio e gás | B17: =COUNTIF(Equipamentos!$R$6:$R$303,"Incêndio e gás")
A18: Elétrica e energia | B18: =COUNTIF(Equipamentos!$R$6:$R$303,"Elétrica e energia")
A19: Tecnologia | B19: =COUNTIF(Equipamentos!$R$6:$R$303,"Tecnologia")
A20: Predial | B20: =COUNTIF(Equipamentos!$R$6:$R$303,"Predial")
A21: Sem preventiva | B21: =COUNTIF(Equipamentos!$R$6:$R$303,"Sem preventiva")

Sheet Categorias
A1: Categorias dos chamados
A2: No chamado, o líder escolhe a categoria e só vê os itens dela. Inclua ou renomeie à vontade (até a linha 40).
A4: Categoria | B4: Exemplos de itens
A5: Móveis | B5: Cadeiras, mesas, aparador, sofás
A6: Elétrica | B6: Tomadas, iluminação, quadros
A7: Hidráulica | B7: Torneiras, pias, descargas, ralos
A8: Segurança | B8: Extintores, alarme, detecção de gás
A9: Limpeza | B9: Problemas que pedem limpeza técnica
A10: Pintura | B10: Paredes, portas, fachada
A11: Equipamentos de cozinha | B11: Fogão, fritadeira, micro-ondas, fornos
A12: Refrigeração | B12: Câmaras, balcões, freezers
A13: Climatização | B13: Ar-condicionado, ventiladores
A14: Exaustão | B14: Coifas, dutos, exaustores
A15: TI e KDS | B15: Telas KDS, impressoras, rede
A16: Predial | B16: Portas, pisos, forro, divisórias

Sheet Áreas e setores
A1: Áreas e setores da loja (ajuste à vontade)
A2: Sugestão inicial. Inclua, renomeie ou apague linhas; as listas da aba Equipamentos usam as colunas A e B.
A4: Área | B4: Setor | D4: Áreas (lista) | F4: Escreva cada área uma única vez na coluna D.
A5: Cozinha | B5: Cozinha quente | D5: Cozinha
A6: Cozinha | B6: Cozinha fria | D6: Estoque
A7: Cozinha | B7: Sobremesa | D7: Salão
A8: Cozinha | B8: Copa | D8: Bar
A9: Cozinha | B9: Lavagem | D9: Banheiros
A10: Estoque | B10: Câmaras frias | D10: Área técnica
A11: Estoque | B11: Estoque seco | D11: Administrativo
A12: Salão | B12: Salão principal | D12: Área externa
A13: Salão | B13: Salão frente do bar
A14: Salão | B14: Varanda
A15: Bar | B15: Balcão do bar
A16: Banheiros | B16: Banheiro clientes
A17: Banheiros | B17: Banheiro funcionários
A18: Área técnica | B18: Casa de máquinas
A19: Área técnica | B19: Quadros elétricos
A20: Administrativo | B20: Escritório
A21: Área externa | B21: Fachada

Sheet Tipos
A1: Tipos de equipamento e preventivas que cada um gera
A2: Fonte: Biblioteca de rotinas aprovada em 23/10/2026 (51 rotinas). Não editar: é a referência da importação.
A4: Tipo | B4: Família | C4: Preventivas criadas | D4: Faixas necessárias | E4: Como cadastrar | F4: Categoria sugerida
A5: Ar-condicionado split (hi-wall) | B5: Climatização | C5: CLI-SPL-M (mensal) | D5: Tensão, Corrente nominal | E5: 1 linha por equipamento | F5: Climatização
A6: Ar-condicionado split cassete | B6: Climatização | C6: CLI-CAS-M (mensal) | D6: Tensão, Corrente nominal | E6: 1 linha por equipamento | F6: Climatização
A7: Caixa de ventilação (insuflamento) | B7: Climatização | C7: CLI-CXV-M (mensal) | D7: — | E7: 1 linha por equipamento | F7: Climatização
A8: Ventilador (parede ou coluna) | B8: Climatização | C8: CLI-VEN-M (mensal) | D8: — | E8: 1 linha por equipamento | F8: Climatização
A9: Balcão refrigerado | B9: Refrigeração | C9: REF-BAL-M (mensal) | D9: Temperatura mín./máx., Pressões (terceirizada informa) | E9: 1 linha por equipamento | F9: Refrigeração
A10: Câmara frigorífica | B10: Refrigeração | C10: REF-CAM-T (trimestral, terceirizada) | D10: Temperatura mín./máx., Tensão, Corrente nominal, Pressões (terceirizada informa) | E10: 1 linha por equipamento | F10: Refrigeração
A11: Banho-maria | B11: Cocção a gás | C11: GAS-BAN-M (mensal) | D11: — | E11: 1 linha por equipamento | F11: Equipamentos de cozinha
A12: Chapa | B12: Cocção a gás | C12: GAS-CHA-M (mensal) | D12: — | E12: 1 linha por equipamento | F12: Equipamentos de cozinha
A13: Fogão | B13: Cocção a gás | C13: GAS-FOG-M (mensal) | D13: — | E13: 1 linha por equipamento | F13: Equipamentos de cozinha
A14: Fritadeira a gás | B14: Cocção a gás | C14: GAS-FRI-M (mensal) | D14: — | E14: 1 linha por equipamento | F14: Equipamentos de cozinha
A15: Fritadeira de batata palha | B15: Cocção a gás | C15: GAS-FBP-M (mensal) | D15: — | E15: 1 linha por equipamento | F15: Equipamentos de cozinha
... A51: Outro equipamento | B51: Sem preventiva | C51: Só chamados | D51: — | E51: 1 linha por item | F51: (escolha)
